name	link
死梦者之歌与阴郁的抄写员	https://book.douban.com/subject/35671232/
我身体里的人造星星	https://book.douban.com/subject/35611125/
森林之花：玛格丽特·米的植物学笔记	https://book.douban.com/subject/35532018/
逆光之夏	https://book.douban.com/subject/35523879/
米拉的猜想	https://book.douban.com/subject/35639819/
奥斯曼之影：塞利姆的土耳其帝国与现代世界的形成	https://book.douban.com/subject/35640725/
运气的诱饵：拉斯维加斯的赌博设计与失控的机器人生	https://book.douban.com/subject/35662675/
别人的动物园：铁幕之下东西柏林人的日常生存竞赛	https://book.douban.com/subject/35637832/
穿越亚洲腹地（上卷）：向着拉萨漂流前行	https://book.douban.com/subject/35637632/
法治的细节	https://book.douban.com/subject/35635639/
帝国的失败：为什么会有美国	https://book.douban.com/subject/35616523/
寄生虫：原创剧本	https://book.douban.com/subject/35133891/
阅读是砍向我们内心冰封大海的斧头：卡夫卡谈话录	https://book.douban.com/subject/35683013/
蚁群	https://book.douban.com/subject/35637266/
张医生与王医生	https://book.douban.com/subject/35623209/
华丽人生	https://book.douban.com/subject/35602671/
第一人称单数	https://book.douban.com/subject/35571598/
近代中国的催眠术与大众科学	https://book.douban.com/subject/35672038/
寻踪索姆河	https://book.douban.com/subject/35606606/
谈判中的城市空间：城市化与晚明南京	https://book.douban.com/subject/35638200/
